A.J. Price,06,00
Aaron Brooks,0F,01
Aaron Gordon,04,02
Adreian Payne,03,00
Al Horford,06,00
Al Jefferson,07,01
Alan Anderson,06,00
Alec Burks,00,01
Alex Kirk,1B,03
Alex Len,04,03
Alexey Shved,08,03
Alexis Ajinca,12,02
Al-Farouq Aminu,0A,01
Allen Crabbe,0B,01
Alonzo Gee,04,01
Amar'e Stoudemire,07,01
Amir Johnson,0E,01
Anderson Varejao,21,03
Andre Dawkins,10,00
Andre Drummond,0B,01
Andre Iguodala,13,00
Andre Miller,0A,00
Andre Roberson,0E,02
Andrea Bargnani,0A,03
Andrei Kirilenko,08,03
Andrew Bogut,06,03
Andrew Nicholson,12,01
Andrew Wiggins,0A,01
Anthony Bennett,0C,01
Anthony Davis,0A,01
Anthony Morrow,06,01
Anthony Tolliver,00,01
Archie Goodwin,10,01
Arinze Onuaku,06,00
Aron Baynes,0C,03
Arron Afflalo,10,00
Austin Daye,06,02
Austin Rivers,06,02
Avery Bradley,05,00
Ben Gordon,06,01
Ben McLemore,10,01
Beno Udrih,08,03
Bernard James,03,01
Bismack Biyombo,04,01
Blake Griffin,08,02
Bojan Bogdanovic,0C,03
Boris Diaw,02,00
Bradley Beal,04,00
Brandan Wright,12,00
Brandon Bass,10,01
Brandon Davies,12,01
Brandon Jennings,0E,01
Brandon Knight,0A,01
Brandon Rush,0A,02
Brendan Haywood,21,00
Brian Roberts,0E,00
Brook Lopez,04,03
Bruno Caboclo,0C,00
Bryce Cotton,12,00
C.J. McCollum,11,00
C.J. Miles,12,00
C.J. Watson,12,00
C.J. Wilcox,0C,01
Cameron Bairstow,18,03
Carl Landry,06,01
Carlos Boozer,03,00
Carmelo Anthony,11,00
Caron Butler,00,00
Cartier Martin,21,01
Chandler Parsons,0A,03
Channing Frye,12,01
Charlie Villanueva,21,02
Chase Budinger,16,03
Chris Andersen,1B,03
Chris Bosh,06,00
Chris Copeland,21,00
Chris Douglas-Roberts,24,00
Chris Johnson,10,01
Chris Kaman,1B,03
Chris Paul,0F,00
Chuck Hayes,12,01
Cleanthony Early,04,01
Clint Capela,08,01
Cody Zeller,21,02
Cole Aldrich,14,03
Corey Brewer,21,01
Cory Jefferson,06,01
Cory Joseph,0E,00
Courtney Lee,06,02
D.J. Augustin,12,00
Dahntay Jones,00,02
Damian Lillard,04,00
Damjan Rudez,08,03
Danilo Gallinari,08,03
Danny Granger,0C,00
Danny Green,12,00
Dante Cunningham,21,01
Dante Exum,04,02
Darius Miller,06,01
Darius Morris,13,02
Darrell Arthur,06,00
Darren Collison,04,01
David Lee,1A,03
David Stockton,0E,03
David Wear,14,03
David West,02,00
DeAndre Jordan,0B,01
DeJuan Blair,06,01
DeMar DeRozan,0A,00
DeMarcus Cousins,21,00
DeMarre Carroll,0F,01
Dennis Schroder,23,01
Deron Williams,07,02
Derrick Favors,0E,00
Derrick Rose,0B,00
Derrick Williams,0F,00
Devin Harris,12,02
Devyn Marble,0A,00
Dewayne Dedmon,0A,01
Dion Waiters,12,01
Dirk Nowitzki,16,03
Donald Sloan,06,01
Donatas Motiejunas,0A,03
Dorell Wright,06,01
Doug McDermott,08,03
Draymond Green,06,01
Drew Gooden,21,00
Drew Gordon,12,03
Dwight Buycks,18,01
Dwight Howard,06,01
Dwight Powell,16,02
Dwyane Wade,06,01
Earl Barron,12,01
Earl Clark,07,01
Ed Davis,11,01
Ekpe Udoh,07,01
Elfrid Payton,08,00
Elijah Millsap,04,01
Elliot Williams,12,01
Elton Brand,13,01
Enes Kanter,0C,03
Eric Bledsoe,06,01
Eric Gordon,06,01
Eric Moreland,0A,00
Erick Green,0E,02
Ersan Ilyasova,0C,03
E'Twaun Moore,13,01
Evan Fournier,0B,03
Evan Turner,0A,00
Festus Ezeli,06,01
Francisco Garcia,06,02
Furkan Aldemir,0F,03
Gal Mekel,0A,03
Garrett Temple,0E,00
Gary Harris,0E,02
Gary Neal,12,00
George Hill,23,00
Gerald Green,04,02
Gerald Henderson,12,00
Gerald Wallace,00,00
Giannis Antetokounmpo,08,01
Glen Davis,07,01
Glen Rice,00,01
Glenn Robinson,04,00
Goran Dragic,0C,03
Gordon Hayward,0B,03
Gorgui Dieng,04,01
Grant Jerrett,0C,03
Greg Monroe,07,01
Greg Smith,10,00
Greg Stiemsma,14,03
Greivis Vasquez,0F,02
Harrison Barnes,06,01
Hassan Whiteside,0C,00
Hedo Turkoglu,0E,03
Henry Sims,0A,01
Henry Walker,0E,01
Hollis Thompson,12,00
Ian Clark,07,01
Ian Mahinmi,06,01
Iman Shumpert,0B,01
Isaiah Canaan,08,01
Isaiah Thomas,21,00
Ish Smith,0E,00
J.J. Hickson,12,01
J.J. Redick,0A,03
J.R. Smith,12,01
Jabari Brown,0C,02
Jabari Parker,0A,01
Jack Cooley,0C,03
Jae Crowder,0B,01
JaKarr Sampson,07,01
Jamaal Franklin,04,01
Jamal Crawford,04,01
Jameer Nelson,12,00
James Ennis,12,01
James Harden,0B,01
James Johnson,21,01
James Jones,04,01
James Michael McAdoo,08,02
James Young,0B,00
JaMychal Green,0E,01
Jannero Pargo,0E,00
Jared Cunningham,06,02
Jared Dudley,21,02
Jared Sullinger,16,00
Jarnell Stokes,0D,00
Jarrett Jack,01,02
Jason Maxiell,12,01
Jason Richardson,02,01
Jason Smith,08,03
Jason Terry,21,01
Jason Thompson,0E,01
JaVale McGee,12,02
Jeff Adrien,06,01
Jeff Ayres,12,02
Jeff Green,0A,01
Jeff Teague,0A,00
Jeff Withey,0A,03
Jeffery Taylor,0B,02
Jerami Grant,0A,01
Jerel McNeal,13,00
Jeremy Evans,0E,01
Jeremy Lamb,0C,02
Jeremy Lin,08,03
Jerome Jordan,0E,02
Jerrelle Benimon,08,00
Jerryd Bayless,02,00
Jimmer Fredette,08,03
Jimmy Butler,0A,01
Joakim Noah,13,01
Jodie Meeks,04,01
Joe Harris,0A,03
Joe Ingles,0C,03
Joe Johnson,12,00
Joel Anthony,03,01
Joel Freeland,0B,03
Joey Dorsey,02,01
Joffrey Lauvergne,0B,03
John Henson,10,01
John Jenkins,0A,02
John Lucas,03,00
John Salmons,21,01
John Wall,06,01
Johnny O'Bryant,08,01
Jon Leuer,0C,03
Jonas Jerebko,08,03
Jonas Valanciunas,07,03
Jordan Adams,05,01
Jordan Clarkson,0C,00
Jordan Farmar,13,02
Jordan Hamilton,07,01
Jordan Hill,21,01
Jorge Gutierrez,0A,02
Jose Barea,18,03
Jose Calderon,0B,03
Josh McRoberts,12,03
Josh Smith,21,00
Jrue Holiday,0A,01
Julius Randle,08,01
Justin Hamilton,14,03
Justin Holiday,0B,01
Jusuf Nurkic,07,03
K.J. McDaniels,0A,02
Kalin Lucas,12,01
Kawhi Leonard,0F,01
Kelly Olynyk,21,03
Kemba Walker,07,01
Kendall Marshall,0E,02
Kendrick Perkins,06,01
Kenneth Faried,0F,01
Kent Bazemore,0A,02
Kentavious Caldwell-Pope,0E,01
Kenyon Martin,21,00
Kevin Durant,12,00
Kevin Garnett,02,01
Kevin Love,0B,03
Kevin Martin,12,02
Kevin Seraphin,10,01
Khris Middleton,04,01
Kirk Hinrich,0A,03
Klay Thompson,0E,02
Kobe Bryant,00,01
Kosta Koufos,12,03
Kostas Papanikolaou,0E,03
Kris Humphries,08,03
Kyle Anderson,0A,00
Kyle Korver,0E,03
Kyle Lowry,10,00
Kyle O'Quinn,07,01
Kyle Singler,14,03
Kyrie Irving,07,01
LaMarcus Aldridge,12,00
Lance Stephenson,06,01
Lance Thomas,11,01
Landry Fields,04,00
Langston Galloway,02,01
Larry Drew,08,01
Larry Sanders,0F,02
Lavoy Allen,06,00
Leandro Barbosa,02,00
LeBron James,12,00
Lester Hudson,10,01
Lorenzo Brown,12,00
Lou Williams,0E,01
Louis Amundson,10,03
Luc Mbah a Moute,04,01
Lucas Nogueira,0A,00
Luigi Datome,07,03
Luis Scola,0C,03
Luke Babbitt,0C,03
Luke Ridnour,1B,03
Luol Deng,0E,01
Malcolm Lee,06,01
Malcolm Thomas,10,00
Manu Ginobili,00,02
Marc Gasol,0B,03
Marcin Gortat,03,03
Marco Belinelli,0A,03
Marcus Morris,07,01
Marcus Smart,0A,01
Marcus Thornton,03,00
Mario Chalmers,12,00
Markel Brown,06,00
Markieff Morris,07,01
Marreese Speights,02,00
Martell Webster,0E,01
Marvin Williams,0D,01
Mason Plumlee,14,03
Matt Barnes,0D,02
Matt Bonner,0F,03
Matthew Dellavedova,0A,03
Maurice Harkless,0C,01
Meyers Leonard,14,03
Michael Beasley,04,02
Michael Carter-Williams,08,00
Michael Kidd-Gilchrist,13,01
Mike Conley,0A,00
Mike Dunleavy,08,03
Mike Miller,0A,03
Mike Muscala,0B,03
Mike Scott,0B,02
Miles Plumlee,0F,03
Miroslav Raduljica,0B,03
Mirza Teletovic,0A,03
Mitch McGary,0A,03
Mo Williams,21,01
Monta Ellis,00,00
Nate Robinson,02,01
Nate Wolters,04,03
Nazr Mohammed,00,01
Nene Hilario,0F,01
Nerlens Noel,0A,01
Nick Calathes,00,00
Nick Collison,0E,03
Nick Johnson,12,02
Nick Young,0A,00
Nicolas Batum,04,00
Nik Stauskas,0C,03
Nikola Mirotic,0B,03
Nikola Pekovic,0F,03
Nikola Vucevic,0A,03
Noah Vonleh,08,01
Norris Cole,0A,01
O.J. Mayo,0B,01
Ognjen Kuzmic,0E,03
Omer Asik,08,03
Omri Casspi,0B,03
Otto Porter,12,00
P.J. Hairston,12,01
P.J. Tucker,02,01
Pablo Prigioni,10,03
Patrick Beverley,0B,01
Patrick Christopher,00,01
Patrick Mills,02,00
Patrick Patterson,06,01
Pau Gasol,0B,03
Paul George,0E,00
Paul Millsap,07,00
Paul Pierce,21,00
Pero Antic,17,03
Perry Jones,06,01
Phil Pressey,0A,02
Quincy Acy,03,01
Quincy Miller,08,01
Quincy Pondexter,00,01
Rajon Rondo,0C,01
Ramon Sessions,0E,00
Randy Foye,04,02
Rasual Butler,07,01
Ray McCallum,10,02
Raymond Felton,02,01
Reggie Bullock,07,01
Reggie Evans,21,01
Reggie Jackson,0A,01
Reggie Williams,07,01
Richard Jefferson,00,02
Ricky Ledo,06,01
Ricky Rubio,0B,03
Robbie Hummel,14,03
Robert Covington,0A,01
Robert Sacre,02,02
Robin Lopez,0A,02
Rodney Hood,04,01
Rodney Stuckey,12,00
Ronnie Price,10,01
Ronny Turiaf,13,00
Roy Hibbert,06,00
Rudy Gay,0A,00
Rudy Gobert,06,02
Russ Smith,0C,01
Russell Westbrook,04,00
Ryan Anderson,13,02
Ryan Hollins,0D,00
Ryan Kelly,0B,03
Samuel Dalembert,04,01
Sean Kilpatrick,0E,01
Sebastian Telfair,21,02
Serge Ibaka,06,01
Sergey Karasev,0B,03
Seth Curry,12,02
Shabazz Muhammad,06,01
Shabazz Napier,10,02
Shane Larkin,0E,02
Shannon Brown,04,00
Shaun Livingston,1A,02
Shavlik Randolph,17,03
Shawn Marion,04,02
Shawne Williams,0B,00
Shayne Whittington,0B,03
Shelvin Mack,13,01
Sim Bhullar,07,02
Solomon Hill,0B,01
Spencer Dinwiddie,12,00
Spencer Hawes,1B,03
Stephen Curry,0C,02
Steve Blake,16,03
Steve Novak,0C,03
Steven Adams,0B,03
T.J. Warren,12,01
Taj Gibson,03,02
Tarik Black,07,01
Tayshaun Prince,13,02
Terrence Jones,12,01
Terrence Ross,12,00
Thabo Sefolosha,12,02
Thaddeus Young,0B,01
Thomas Robinson,0C,00
Tiago Splitter,1A,03
Tim Duncan,0A,00
Tim Frazier,04,00
Tim Hardaway,06,01
Timofey Mozgov,08,03
Tobias Harris,10,02
Toney Douglas,12,01
Tony Allen,0E,01
Tony Parker,00,00
Tony Snell,0C,01
Tony Wroten,12,01
Toure' Murry,12,00
Travis Wear,0C,03
Trevor Ariza,12,01
Trevor Booker,0F,01
Trey Burke,06,00
Tristan Thompson,0A,01
Troy Daniels,0F,01
Ty Lawson,21,00
Tyler Ennis,12,02
Tyler Hansbrough,0C,03
Tyler Johnson,0C,02
Tyler Zeller,0F,03
Tyreke Evans,0F,01
Tyrus Thomas,0E,00
Tyson Chandler,03,00
Udonis Haslem,0E,00
Vander Blue,04,00
Victor Claver,0E,03
Victor Oladipo,04,01
Vince Carter,02,00
Wayne Ellington,10,01
Wesley Johnson,10,00
Wesley Matthews,06,00
Will Barton,0B,00
Will Bynum,06,01
Will Cherry,08,00
Willie Green,04,01
Wilson Chandler,0B,00
Xavier Henry,12,00
Zach LaVine,06,02
Zach Randolph,21,01
Zaza Pachulia,08,03
Zoran Dragic,0C,03
